Price,Close,High,Low,Open,Volume
Ticker,005930.KS,005930.KS,005930.KS,005930.KS,005930.KS
Date,,,,,
2023-01-02,51925.3359375,52486.69092060811,51644.65844594595,51925.3359375,10031448
2023-01-03,51831.78515625,52393.1402301444,50989.752545408395,51831.78515625,13547030
2023-01-04,54077.203125,54264.32147491349,52018.90127595155,52112.46045090831,20188071
2023-01-05,54451.43359375,55012.78857925258,53890.07860824742,54451.43359375,15682826
2023-01-06,55199.90625,55574.14290254237,54170.75545550847,54544.99210805084,17334989
2023-01-09,56790.41015625,56790.41015625,55761.25939559308,55854.818555652804,18640107
2023-01-10,56509.73828125,57164.65246662873,56041.94243455091,56322.61994257037,14859797
2023-01-11,56603.30078125,57258.21500516529,56416.18243155992,57071.09665547521,12310751
2023-01-12,56603.30078125,57258.21500516529,56041.94573217975,57164.65583032025,16102561
2023-01-13,56883.97265625,57258.20931846217,56509.73599403783,56603.295159590874,12510328
2023-01-16,57164.64453125,57632.44031301146,56883.96706219313,57351.76284395459,10039972
2023-01-17,57071.10546875,57538.901415215165,56696.86871157787,57258.22384733606,9831456
2023-01-18,56509.73828125,57071.093297288906,56041.94243455091,56790.41578926946,11584041
2023-01-19,57538.88671875,57538.88671875,56509.73589939024,56603.29506478658,12808490
2023-01-20,57819.56640625,58287.36225096076,57164.652223654935,58100.243913076454,9646327
2023-01-25,59222.95703125,59597.19372655016,58942.27950977488,59410.07537890008,39217
2023-01-26,59690.74609375,59784.305256906344,59222.95027796826,59690.74609375,54188
2023-01-27,60439.22265625,60813.45932904411,59784.308478860294,60252.10431985294,44282
2023-01-30,59222.95703125,60719.90381245063,59035.838683599926,60719.90381245063,59628
2023-01-31,57445.328125,59597.188950529315,57071.09145969056,59410.0706178746,163847
2023-02-01,57071.10546875,58661.61168673156,57071.10546875,58568.052497438526,98585
2023-02-02,59410.07421875,59784.310906742125,58568.04167076772,59129.396702755905,65992
2023-02-03,59410.07421875,59877.87007874016,58942.278358759846,59784.310906742125,47567
2023-02-06,57632.4609375,58942.289595170456,57632.4609375,58755.171215503244,144104
2023-02-07,58006.6875,58474.483366935485,57632.45080645161,57913.1283266129,32873
2023-02-08,59035.8359375,59222.954276446115,58380.92175118859,58755.158429080824,42558
2023-02-09,59222.95703125,59222.95703125,58287.36529299961,58942.27950977488,48035
2023-02-10,58848.71484375,58942.27400884341,58380.91901828299,58568.0373484698,44786
2023-02-13,58848.71484375,58942.27400884341,58287.35985318959,58848.71484375,59395
2023-02-14,59129.39453125,59784.308711184734,59129.39453125,59503.63120549842,70606
2023-02-15,58193.796875,59784.30257737138,58006.67855707395,59784.30257737138,58370
2023-02-16,59597.1953125,59597.1953125,58380.926020408166,58474.48519672292,41448
2023-02-17,58568.04296875,59222.957187250395,58380.924620607024,58848.72049096446,28613
2023-02-20,58661.6015625,58942.2790819378,57819.569004186604,58848.71990879187,29846
2023-02-21,58100.2421875,58755.156350644116,58006.683021336554,58661.59718448067,60971
2023-02-22,57164.64453125,57819.55862571604,57071.08537489771,57538.88115665917,39178
2023-02-23,58006.6875,58474.483366935485,57538.891633064515,57726.00997983871,37145
2023-02-24,57351.77734375,58568.04668382953,57351.77734375,58287.36914381118,50792
2023-02-27,56603.30078125,56883.978305785124,56322.623256714876,56883.978305785124,11155697
2023-02-28,56696.85546875,57445.32880827146,56603.29630130982,56883.97380363037,13715861
2023-03-02,56883.97265625,57819.56431178043,56603.295159590874,56977.531821803044,13095682
2023-03-03,56603.30078125,57258.21500516529,56603.30078125,57071.09665547521,10711405
2023-03-06,57538.88671875,57632.44588414634,56883.972560975606,57164.65005716463,13630602
2023-03-07,56790.41015625,57445.32427666804,56790.41015625,57445.32427666804,11473280
2023-03-08,56416.18359375,56603.30194729478,56041.94688666045,56229.06524020523,14161857
2023-03-09,56229.06640625,56883.98065723794,56041.948048824874,56603.30312110025,14334499
2023-03-10,55667.70703125,55854.82537421219,55293.47034532563,55667.70703125,11902471
2023-03-13,56135.50390625,56322.62225260417,55480.589694010414,56041.944733072916,12779724
2023-03-14,55199.90625,55667.702065677964,55199.90625,55574.14290254237,12147346
2023-03-15,55948.38671875,56416.18259432483,55761.26836852007,56135.50506897993,10482149
2023-03-16,56041.94140625,56322.61890911937,55293.46806526503,55387.02723288815,10611939
2023-03-17,57351.77734375,57351.77734375,56696.86308370718,56883.981443719415,14090110
2023-03-20,56322.62109375,57258.21280627076,56322.62109375,57164.65363501869,9618009
2023-03-21,56416.18359375,56790.420300839556,56229.06524020523,56603.30194729478,8318514
2023-03-22,57164.64453125,57258.20368760229,56603.28959313625,57071.08537489771,8978591
2023-03-23,58287.3671875,58287.3671875,56696.86118077849,56696.86118077849,15381057
2023-03-24,58942.27734375,59222.95485491072,58287.36315104167,58661.59983258929,18278602
2023-03-27,58100.2421875,58755.156350644116,58006.683021336554,58568.03801831723,11039331
2023-03-28,58848.71484375,58848.71484375,58100.241523002784,58380.91901828299,11614118
2023-03-29,58661.6015625,58661.6015625,58193.80569677034,58474.48321620814,11216008
2023-03-30,59471.80859375,59942.313408573966,59377.707630785204,59942.313408573966,15684377
2023-03-31,60224.62109375,60224.62109375,59942.31818237305,60224.62109375,14094479
2023-04-03,59377.703125,60224.6117274168,59283.602169175916,60224.6117274168,11973133
2023-04-04,59848.19921875,60036.40110308569,59095.391681407236,59659.99733441431,11120514
2023-04-05,60130.51171875,60224.61267605634,59660.00693221831,59942.30980413732,9176149
2023-04-06,58624.90234375,59848.21491272071,58624.90234375,59754.1139458768,14992747
2023-04-07,61165.625,61353.82692307692,60036.41346153846,60036.41346153846,27476120
2023-04-10,61824.3359375,62388.941745148404,60883.326258085996,60977.427226027394,18777166
2023-04-11,62012.53515625,62294.838047704856,61542.03033715857,62294.838047704856,16323183
2023-04-12,62106.640625,62294.84256628788,61447.933830492424,61918.43868371212,15021313
2023-04-13,62200.74609375,62200.74609375,61542.03925160741,61730.2412065053,15091022
2023-04-14,61259.7265625,62671.24099942396,61165.6256000384,62671.24099942396,16176490
2023-04-17,61447.9296875,61730.232580398166,60883.323901703676,61165.62679460184,13486618
2023-04-18,61730.234375,62106.638243140245,60977.42663871952,62012.537276105184,14802060
2023-04-19,61636.12890625,61918.43178673664,61447.92698592557,61636.12890625,10255985
2023-04-20,61447.9296875,61447.9296875,60789.22293740429,61259.72775890123,9501169
2023-04-21,61824.3359375,62012.537873382804,61542.0330336758,61918.4369054414,10538622
2023-04-24,61353.83203125,61824.33687811541,60977.42815375767,61447.93300062308,12986581
2023-04-25,59848.19921875,61542.01617777123,59659.99733441431,61447.91523560338,16193271
2023-04-26,60318.71484375,60506.91676213923,59565.90717019306,59848.21004777691,12664541
2023-04-27,60789.21875,61165.62258126935,59565.90629837461,60318.713960913316,14779601
2023-04-28,61636.12890625,62012.532746898854,61165.62410543893,61353.82602576336,19699481
2023-05-02,61824.3359375,62388.941745148404,61259.730129851596,62106.6388413242,14396948
2023-05-03,61542.03515625,61730.23709862385,61071.53030031537,61259.73224268922,8876749
2023-05-04,61259.7265625,61824.33233726958,60883.32271265361,61730.23137480798,9791064
2023-05-08,62012.53515625,62388.939011523136,61542.03033715857,62388.939011523136,9405365
2023-05-09,61447.9296875,61918.43450899694,61259.72775890123,61918.43450899694,9366861
2023-05-10,60789.21875,61636.12737035604,60506.91587654799,61636.12737035604,13057727
2023-05-11,60412.8203125,61259.72900846962,60412.8203125,60883.32514359424,11648905
2023-05-12,60318.71484375,60789.21963972309,59848.21004777691,59942.311006971526,8693913
2023-05-15,60695.12109375,60789.22205668604,60130.515316133715,60318.71724200581,8172021
2023-05-16,61542.03515625,62012.54001218463,61447.93418506307,61918.439040997706,12334657
2023-05-17,61165.625,62012.53365384615,60977.42307692308,62012.53365384615,10745504
2023-05-18,62294.83984375,62294.83984375,61824.33501109328,62106.637910687314,14431704
2023-05-19,64365.0703125,64365.0703125,63518.16149259868,63800.46443256579,20349345
2023-05-22,64459.15625,64929.661040145984,63988.651459854016,64365.0552919708,14470308
2023-05-23,64365.0703125,64647.3732524671,64082.76737253289,64459.17129248903,8561643
2023-05-24,64459.15625,64647.358166058395,63988.651459854016,64082.75241788321,8192896
2023-05-25,64741.4765625,65870.68836300872,64647.37557912427,65776.587379633,14231160
2023-05-26,66152.9765625,66247.07752489332,65400.16886335349,65682.47175053343,19549511
2023-05-30,68034.9921875,68034.9921875,66999.88165629322,67093.98261367566,27476897
2023-05-31,67188.0859375,68223.19650516457,66811.68209471289,68129.09554446778,25666087
2023-06-01,66717.578125,67376.28482016925,66435.27525564175,66717.578125,14669296
2023-06-02,67940.8984375,67940.8984375,67376.29263331025,67470.3936006752,12161798
2023-06-05,67470.390625,68411.40025714783,67188.08773535564,68411.40025714783,12686829
2023-06-07,66811.6796875,67376.28543133802,66623.47777288733,67093.98255941902,14796613
2023-06-08,66717.578125,66717.578125,65870.66951692525,66247.07334273624,19165568
2023-06-09,67752.6875,68034.99036458333,66623.47604166667,66905.77890625,15050209
2023-06-12,66811.6796875,68129.09308978873,66623.47777288733,67846.79021786973,12064287
2023-06-13,67752.6875,67940.88940972222,67376.28368055556,67470.38463541666,13227285
2023-06-14,67658.5859375,67940.88879954797,66905.77830537203,67846.78784553199,12541046
2023-06-15,67282.1796875,68034.9872923951,67093.97778627623,67846.78539117133,13614994
2023-06-16,67564.4921875,67658.59315154944,66717.58351105501,67564.4921875,15373696
2023-06-19,66999.8671875,67470.37187280548,66717.56437631672,67093.9681245611,11100887
2023-06-20,67188.0859375,67188.0859375,66247.07633053222,66529.37921262255,11557883
2023-06-21,66341.1640625,66999.87065602838,66247.06312056737,66529.36594636524,10626603
2023-06-22,67093.9765625,67282.17846029103,65964.76517575386,66058.86612464937,11411007
2023-06-23,67376.28125,67940.88695879887,67376.28125,67752.68505586592,12329484
2023-06-26,68129.09375,68223.19470821823,67282.18512603591,67470.38704247237,10541901
2023-06-27,68317.296875,68317.296875,67752.69111570247,68223.19591511707,9442997
2023-06-28,68411.3984375,68411.3984375,67752.6917125172,68317.29747678817,8783093
2023-06-29,68469.078125,69414.78362396409,68469.078125,69131.07197427486,12229967
2023-06-30,68279.953125,68752.80598597645,67807.10026402354,68563.66484158587,11694765
2023-07-03,69036.515625,69225.65676369863,68658.23334760274,68752.80391695205,10722181
2023-07-04,69036.515625,69603.93904109589,68941.94505565069,69414.79790239726,10214350
2023-07-05,68090.796875,69320.21404079862,67996.22632378472,69036.50238715278,12310610
2023-07-06,67712.5234375,68469.08794518157,67617.95287403981,67996.23512788059,14777667
2023-07-07,66104.8203125,67523.37868830473,66010.24975411303,67239.66701314379,17308877
2023-07-10,65726.546875,66577.68201438848,65442.8351618705,66199.39973021582,11713926
2023-07-11,67617.953125,67617.953125,66293.96523164336,66388.53579545455,12177392
2023-07-12,67996.2265625,68090.79711404728,67239.66215012169,67334.23270166898,10375581
2023-07-13,67996.2265625,68658.22042333102,67996.2265625,68469.07932023643,14417279
2023-07-14,69414.796875,69414.796875,68469.09119550408,68563.66176345368,15882519
2023-07-17,69320.2109375,69509.35203146316,68847.35820259209,69225.64039051841,10060049
2023-07-18,68090.796875,69509.35514322917,68090.796875,69225.64348958334,11697900
2023-07-19,67807.1015625,68847.37787656904,67428.8192664749,68752.80730256277,10896412
2023-07-20,67145.09375,67617.94652288733,66955.95264084508,67239.66430457747,9732730
2023-07-21,66483.109375,66577.679943101,65631.97426209104,66577.679943101,16528926
2023-07-24,66577.6796875,67050.53252618964,66104.82684881036,66293.96798428622,13418597
2023-07-25,66199.3828125,66672.235546875,66010.24171875,66199.3828125,14314945
2023-07-26,66010.2578125,66766.82237195558,64402.558123656876,66010.2578125,30016221
2023-07-27,67807.1015625,67807.1015625,65537.40778634937,66104.83123038703,24261179
2023-07-28,66766.8125,68469.08250708214,66293.95972025495,67901.6591713881,19420683
2023-07-31,66010.2578125,67145.10465168337,66010.2578125,67050.53408175144,13035420
2023-08-01,67239.671875,67334.24244022503,66199.39565752461,66293.96622274964,12299254
2023-08-02,66104.8203125,67145.0964547568,66010.24975411303,66861.38477959586,13835020
2023-08-03,65064.55859375,66388.54670466934,64780.846855695854,66104.83496661519,20087090
2023-08-04,64591.69140625,65348.25587367314,64497.12084782211,65064.54419838946,12360193
2023-08-07,64780.83203125,65442.82593521898,63929.69701186132,64024.26756957117,10968505
2023-08-08,63929.69921875,65348.25763336724,63740.55809680104,65253.68707239276,14664709
2023-08-09,65159.1328125,65821.12690493469,64213.426966164734,64307.99755079826,17259673
2023-08-10,64307.97265625,64780.82539636949,64118.831560202205,64591.68430032169,10227311
2023-08-11,63835.12890625,65064.54620370371,63835.12890625,64686.26395833334,9781038
2023-08-14,63645.99609375,64213.419535893394,63267.713798987745,63835.13724113113,9352343
2023-08-16,63362.28125,63456.85181902985,62700.28726679105,63078.56954291045,13174578
2023-08-17,63078.56640625,63173.13697057721,62416.57245595952,62700.28414894115,10778652
2023-08-18,62700.27734375,63078.559560001886,62227.42457343514,62416.565681561086,11745006
2023-08-21,62984.0,63456.85285285285,62700.288288288284,62984.0,9720067
2023-08-22,62984.0,64024.27627627627,62700.288288288284,63551.42342342342,10500242
2023-08-23,63456.83203125,63456.83203125,62794.83825447094,63078.54987309054,9549352
2023-08-24,64497.1328125,64969.98569235703,64213.421084585774,64591.703388471404,15044463
2023-08-25,63456.83203125,63740.5436498696,63267.69095217027,63456.83203125,7032462
2023-08-28,63173.140625,63362.281764595806,62889.42891560629,63173.140625,5824628
2023-08-29,63173.140625,63551.42290419162,62983.999485404194,63267.71119479791,9114352
2023-08-30,63456.83203125,64024.25526848919,63456.83203125,63645.97311032973,9181223
2023-08-31,63267.70703125,63551.41872197309,62794.854213378174,63456.84815839872,15964630
2023-09-01,67145.09375,67145.09375,63078.559903169014,63173.13045774648,29738235
2023-09-04,67334.2265625,68941.92579222261,66861.3738478757,68941.92579222261,26286495
2023-09-05,66861.390625,67617.95515823904,66388.5377917256,67050.53175830976,12330239
2023-09-06,66199.3828125,66955.9471875,65915.671171875,66861.37664062499,11414620
2023-09-07,66577.6796875,66766.82082297585,65821.11514559659,66199.3974165483,13741241
2023-09-08,66483.109375,66483.109375,65821.11539829303,66388.538806899,10688118
2023-09-11,66955.953125,66955.953125,66199.3886829096,66577.6709039548,11785462
2023-09-12,66672.234375,67145.08710106382,66577.66382978723,66955.94601063829,11688599
2023-09-13,67050.53125,67712.52521156559,66483.10785437236,67239.67238187589,15955797
2023-09-14,67807.1015625,67901.67213650628,66955.96639644352,67334.24869246862,21041407
2023-09-15,68090.796875,68374.50852864583,67523.37356770833,67807.08522135417,17823512
2023-09-18,66388.5390625,67807.0975894765,66388.5390625,67428.8153156161,16040727
2023-09-19,66010.2578125,66955.96351181949,65821.1166726361,66577.6812320917,11820188
2023-09-20,65821.09375,66483.0875089799,65726.52321300287,66199.3758979885,10873015
2023-09-21,65159.1328125,66010.26807420174,65064.562227866474,65442.844566400585,10796336
2023-09-22,65064.55859375,65159.12917310138,64591.70569699309,64591.70569699309,9897840
2023-09-25,65631.984375,65915.69612301873,64780.8491309438,64780.8491309438,13582516
2023-09-26,65214.62890625,66545.5397002551,65024.4987928207,66545.5397002551,13143470
2023-09-27,65024.5234375,65689.97908671419,64834.39325201023,65214.65362298977,14886491
2023-10-04,64168.921875,64359.05201388889,63408.40131944445,64073.85680555556,23361149
2023-10-05,63408.40625,64073.86178785607,63408.40625,63978.79671101949,16108313
2023-10-06,62742.9453125,63978.79120501894,62742.9453125,63788.66106770834,14386527
2023-10-10,63123.203125,64263.98390436747,62933.07299510542,62933.07299510542,19889202
2023-10-11,64834.38671875,65975.16771673388,64549.19146925404,65214.647051411295,25209349
2023-10-12,65499.83984375,66260.36048054245,64834.384286556604,65214.64460495283,19311380
2023-10-13,64644.2578125,65119.58323759191,64359.06255744486,64644.2578125,9724086
2023-10-16,63978.796875,65119.57779996285,63503.47148959881,64549.187337481424,12599299
2023-10-17,65975.1640625,66450.48945199928,64073.86250450288,64359.05773820245,17299253
2023-10-18,67020.8671875,67020.8671875,65404.76117021277,65499.82623005319,16493184
2023-10-19,66070.2265625,66545.55193345323,65975.16148830936,66260.3567108813,13985012
2023-10-20,65404.77734375,65785.03767714389,64739.32176031068,65499.84242709847,15204495
2023-10-23,65024.5234375,65689.97908671419,64834.39325201023,65309.71871573465,11625959
2023-10-24,65119.56640625,65404.761587591245,64359.04592267336,65309.696527144166,12791710
2023-10-25,64644.2578125,65404.77849264706,64549.19272748162,65404.77849264706,10610703
2023-10-26,63408.40625,64549.18717203898,63408.40625,63693.601480509744,15517624
2023-10-27,63978.796875,63978.796875,63408.40641251857,63788.66672083952,11334726
2023-10-30,63978.796875,64454.122260401185,63408.40641251857,63503.47148959881,10139270
2023-10-31,63598.53125,64929.44221786248,63598.53125,64263.98673393124,14488892
2023-11-01,65214.62890625,65499.82407639395,63978.78316895955,64168.91328238884,13775256
2023-11-02,66260.359375,66545.55460903874,65975.16414096126,66545.55460903874,16350031
2023-11-03,66165.2890625,66735.6794854526,66070.2239920079,66260.3541329921,10322234
2023-11-06,67401.140625,67401.140625,65880.09936971086,66355.42476198872,22228489
2023-11-07,67401.140625,67401.140625,66545.55491889986,67115.94538963329,17228731
2023-11-08,66450.4765625,67876.45245439914,66260.34644358011,67781.3873949392,12901310
2023-11-09,66830.7421875,67306.06752311523,66165.2867176387,66450.48191900783,12301373
2023-11-10,67020.8671875,67020.8671875,66070.21658909575,66545.54188829787,9684347
2023-11-13,66925.8046875,67781.39025878906,66830.73962402344,67781.39025878906,9246919
2023-11-14,67306.0625,67591.25768008475,67115.9323799435,67496.19262005649,9567984
2023-11-15,68636.984375,68636.984375,67971.52884781855,68066.59392313019,20148677
2023-11-16,69207.375,69397.5051510989,68732.04962225274,68922.17977335164,15860451
2023-11-17,68922.1796875,69397.50506465517,68732.04953663793,68732.04953663793,11494644
2023-11-20,69112.3046875,69397.49989253783,68541.91427742435,68541.91427742435,10610157
2023-11-21,69207.375,69777.7654532967,69112.30992445056,69492.57022664836,9712881
2023-11-22,69207.375,69397.5051510989,68351.78932005494,68636.9845467033,11105143
2023-11-23,68827.109375,69587.6299205801,68636.97923860497,69397.49978418509,6775614
2023-11-24,68161.6640625,69017.24980387029,68161.6640625,68827.11963912133,6676685
2023-11-27,67781.390625,68541.91113692147,67591.26049701964,67971.52075298036,9113857
2023-11-28,69112.3046875,69112.3046875,67781.39373065681,67876.45879900275,13283081
2023-11-29,69112.3046875,69207.36975584594,68636.97934577029,68827.10948246217,9283933
2023-11-30,69207.375,69207.375,68636.9845467033,69112.30992445056,15783714
2023-12-01,68446.84375,68922.16905381944,68161.64856770833,68827.10399305556,9871284
2023-12-04,69017.234375,69302.42955836777,68827.10425275483,69207.36449724519,10229267
2023-12-05,67686.3203125,68827.10099192416,67686.3203125,68732.03593530548,12129682
2023-12-06,68161.6640625,68541.9243919979,68066.59898012552,68256.72914487448,8123087
2023-12-07,67971.5390625,68351.7994208916,67591.2787041084,68256.7343312937,8862017
2023-12-08,69017.234375,69207.36449724519,68351.77894714188,68541.90906938705,10859463
2023-12-11,69397.5,69397.5,68636.97945205479,69207.3698630137,9861960
2023-12-12,69872.8203125,69872.8203125,69492.56006590136,69682.69018920069,13758646
2023-12-13,69207.375,69872.83052884616,69207.375,69682.70037774726,13116766
2023-12-14,69492.5546875,70633.33533900479,68922.16436174761,70443.20523042066,27567593
2023-12-15,69682.6875,70348.1429058663,69587.6224420191,70158.0127899045,15419815
2023-12-18,69302.4375,69777.76286008231,69207.37242798354,69682.69778806584,9690551
2023-12-19,69777.7578125,69777.7578125,69207.36742166213,69397.49755194141,8907632
2023-12-20,71108.6796875,71203.74476729613,70158.02888953878,70538.28920872326,16870156
2023-12-21,71298.8125,71298.8125,70633.35691666667,70918.55216666666,13478766
2023-12-22,72154.3828125,72534.64306447629,71679.05749752965,72059.31774950594,14515608
2023-12-26,72819.84375,72914.90882016972,71964.25811847259,72344.51839915144,13164909
2023-12-27,74501.8671875,74501.8671875,73069.13897235577,73260.16940104167,20651042
2023-12-28,74979.453125,74979.453125,74024.30085589172,74215.33130971338,17797536
2024-01-02,76030.109375,76221.13980056533,74692.89639604272,74692.89639604272,17142847
2024-01-03,73546.7109375,75265.98469967533,73546.7109375,74979.43907264611,21753644
2024-01-04,73164.65625,73833.26276925587,72687.08016481723,72687.08016481723,15324439
2024-01-05,73164.65625,73642.23233518277,72973.62581592689,73260.17146703655,11304316
2024-01-08,73069.140625,74024.29279003268,72973.62540849674,73546.71670751635,11088724
2024-01-09,71349.859375,74215.3155747992,70967.79854836011,73928.76995481928,26019249
2024-01-10,70299.2109375,71827.45465353261,69917.15000849185,71636.42418902853,20259529
2024-01-11,69917.140625,70299.20150273223,69439.5645278347,69630.59496670081,57691266
2024-01-12,69821.6171875,70776.76926940835,69535.0715629275,69726.10197930917,13038939
2024-01-15,70585.734375,70681.24957713125,69917.1279600812,69917.1279600812,2957915
2024-01-16,69344.046875,70394.71425189394,69248.53165891873,70203.6838197314,14760415
2024-01-17,67815.8046875,70012.65469850352,67815.8046875,69821.62426276407,22683660
2024-01-18,68484.4140625,68770.95972803347,67529.26184405509,68388.89884065551,17853397
2024-01-19,71349.859375,71349.859375,69726.10086178046,70203.67689508032,23363427
2024-01-22,71731.9296875,72591.56666111852,71636.41446820906,72496.05144182757,19673375
2024-01-23,71827.4375,72400.52875664893,70967.80061502659,72305.01354720745,14786224
2024-01-24,70681.2734375,71827.45625,70203.697265625,71827.45625,12860661
2024-01-25,70776.7734375,71445.37993421053,70394.71258223684,70872.28865131579,11737747
2024-01-26,70108.1640625,71158.83137133856,70012.64885260558,70394.70969218324,11160062
2024-01-29,71063.3203125,71827.44203629033,70203.6833732359,70490.22901965726,13976521
2024-01-30,70967.8046875,71922.95683672611,70394.71339796434,71636.41119195828,12244418
2024-01-31,69439.5703125,70681.26826856946,69248.53985772008,70108.17690422971,15703560
2024-02-01,70299.2109375,70872.30233101222,69630.60431173573,69726.11954398776,19881033
2024-02-02,71827.4375,71827.4375,70394.70935837766,70681.25498670213,14955881
2024-02-05,70967.8046875,71445.38076211305,70203.68296811912,70872.2894725774,19026021
2024-02-06,71063.3203125,71349.86595892138,70012.6529422883,70967.80509702621,14559254
2024-02-07,71636.421875,72113.99802083334,70967.81527083334,71254.36095833333,16566445
2024-02-08,70776.7734375,71827.4407894737,70299.19736842105,71636.4103618421,20810708
2024-02-13,71827.4375,71827.4375,71063.31582446808,71445.37666223403,21966745
2024-02-14,70681.2734375,70967.819140625,70394.727734375,70394.727734375,12434945
2024-02-15,69917.140625,71063.32325819672,69726.11018613388,70872.2928193306,14120600
2024-02-16,69535.0859375,70108.17730511677,69248.54025369162,70012.66207718063,13444781
2024-02-19,70490.2421875,70585.7574208164,69535.08985433604,69535.08985433604,12726404
2024-02-20,70012.6484375,70394.70927481241,69535.07239085948,70394.70927481241,14681477
2024-02-21,69726.1015625,70394.70801583905,69630.58635488014,70108.16239297946,11503495
2024-02-22,69821.6171875,70585.73885302668,69439.55635473666,70490.22364483585,15208934
2024-02-23,69630.5859375,70872.28362911522,69630.5859375,70299.19238683127,16225166
2024-02-26,69535.0859375,69917.14684924451,68961.99456988325,69057.50979781937,14669352
2024-02-27,69630.5859375,70108.16197273662,69439.55552340535,69821.61635159465,13201981
2024-02-28,69917.140625,70585.74716103142,69535.07974726775,69630.59496670081,11795859
2024-02-29,70108.1640625,70108.1640625,68770.9511239782,69344.04238334468,21176403
2024-03-04,71540.8984375,71636.41365570761,70681.2614736315,70967.80712825434,23210474
2024-03-05,70394.71875,71445.38619402985,70394.71875,71254.35574966078,19505125
2024-03-06,69630.5859375,70203.67717978395,69439.55552340535,69917.13155864198,21547905
2024-03-07,68961.9921875,70012.65965850069,68961.9921875,69821.62920922783,14516963
2024-03-08,70012.6484375,70108.1636468281,69344.04197220327,69535.07239085948,19271349
2024-03-11,69153.015625,69821.6221296616,69057.50041004833,69630.59169975828,9740504
2024-03-12,70012.6484375,70203.6788561562,68866.46592556275,69344.04197220327,13011654
2024-03-13,70776.7734375,70776.7734375,70203.68215460527,70394.71258223684,15243134
2024-03-14,70967.8046875,71158.83511734522,70299.19818304172,71063.3199024226,22545539
2024-03-15,69057.515625,70394.72892894191,69057.515625,70108.18322095435,22580555
2024-03-18,69535.0859375,69726.11639337226,69248.54025369162,69344.05548162776,11520348
2024-03-19,69535.0859375,69726.11639337226,68484.41843020261,69057.50979781937,15376066
2024-03-20,73451.203125,73737.74878088427,70108.1704730169,70394.71612890117,50106297
2024-03-21,75743.5625,75743.5625,74215.31912042874,75648.0472887768,44569799
2024-03-22,75361.5078125,76316.6600027725,74310.84040320026,76030.11434569074,26724761
2024-03-25,74692.890625,76221.13391144501,74310.82980338874,76030.10350063938,18703996
2024-03-26,76316.6484375,76507.67884660512,75648.04200563203,76125.61802839486,30551494
2024-03-27,76221.1484375,76412.17888471177,75648.05709586466,75648.05709586466,17424595
2024-03-28,77527.0078125,77718.90634668936,75991.81953898515,76183.7180731745,25084812
2024-03-29,79062.203125,79158.15240063713,77622.96399044296,77910.81181735436,27126366
2024-04-01,78678.40625,79925.74683689025,78678.40625,79829.79756097561,20116513
2024-04-02,81556.8828125,81556.8828125,79541.94806066177,79541.94806066177,37077944
2024-04-03,80693.34375,81556.88726218787,80117.64807520808,80885.24230826397,30493347
2024-04-04,81844.734375,82036.63293156507,80885.24159217467,81748.78509671746,25248934
2024-04-05,81077.1328125,81556.87916050295,80405.48792529585,81077.1328125,18883752
2024-04-08,81077.1328125,82516.37185650888,81077.1328125,81748.77769970414,18953232
2024-04-09,80213.59375,81460.93432266747,79733.84737589712,81077.13722338516,23725956
2024-04-11,80693.34375,81269.03942479192,79158.15528388823,79829.80023781213,25538009
2024-04-12,80309.5390625,81460.93030353943,79829.7927120669,81269.03176336619,17061770
2024-04-15,78870.2890625,79829.78163017031,77910.79649482969,79541.93385986923,26663772
2024-04-16,76759.421875,78006.76248046875,76183.7262109375,77910.813203125,31949845
2024-04-17,75703.96875,77527.0047528517,75703.96875,77431.05548954372,22611631
2024-04-18,76375.6171875,76855.36352661747,75128.2767057946,75608.02304491207,21370190
2024-04-19,74456.65625,75512.0985422036,73209.31535921391,75128.30134503866,31317563
2024-04-22,73017.390625,74360.68033426412,72057.89797552563,74264.7310693167,30469477
2024-04-23,72441.6953125,73689.0357615894,72441.6953125,73305.23870033112,18717699
2024-04-24,75416.1171875,75608.01570451654,74072.82756838422,74360.67534390904,22166150
2024-04-25,73209.296875,74360.68817578637,73209.296875,74168.7896256553,15549134
2024-04-26,73593.1015625,74744.49298199153,73401.20299258475,74648.5436970339,12755629
2024-04-29,73593.1015625,74456.64512711865,73113.35513771187,74264.7465572034,14664474
2024-04-30,74360.6875,75320.18024193548,73497.14403225806,73880.94112903226,19007007
2024-05-02,74840.4296875,75416.12530048077,74168.78480568911,74456.63261217948,18900640
2024-05-03,74456.65625,75799.94644007731,74360.70695070876,75799.94644007731,13151889
2024-05-07,78006.7578125,78006.7578125,76183.72165206027,76375.62019526446,26238868
2024-05-08,78006.7578125,78102.70708410209,77239.16363968328,77527.01145448955,13089576
2024-05-09,76471.578125,78198.66520937892,76471.578125,77814.86807951693,18759935
2024-05-10,75991.8203125,77814.85640585542,75703.97250828598,77143.21152935605,16976124
2024-05-13,75224.2421875,76663.48151506696,74456.64787946428,76183.73507254464,18652344
2024-05-14,75128.2734375,75608.01975574713,74744.4763829023,75416.12122844828,11763992
2024-05-16,75032.328125,77047.26276774297,74936.37885629795,76951.31349904092,20989778
2024-05-17,74264.734375,75608.02414405685,74072.8358365633,75416.12560562015,15918201
2024-05-20,75703.96875,75895.86727661597,74744.47611692015,74936.37464353612,19456783
2024-05-21,75224.2421875,75799.93791852678,75032.34361049107,75320.19147600446,13690583
2024-05-22,74552.5703125,75512.06285191441,74168.77329673423,74936.36732826577,19521506
2024-05-23,75128.2734375,75895.8675466954,73976.8822737069,74552.57785560345,18728087
2024-05-24,72825.5,73880.9420289855,72633.60144927536,73689.04347826086,27891278
2024-05-27,74072.84375,75032.33654468913,71002.46680699482,72249.80744009068,43825202
2024-05-28,74456.65625,74840.45344716495,73113.36605992269,73401.2139577964,18539072
2024-05-29,72153.84375,75032.32155917553,72153.84375,74552.57525764627,30244875
2024-05-30,70522.71875,72153.85646258504,70522.71875,71770.0593537415,28551273
2024-05-31,70522.71875,71674.11007653062,70522.71875,71482.21152210885,26198776
2024-06-03,72633.6015625,73305.24649108322,71194.36242982166,71386.26098084544,15706268
2024-06-04,72249.8046875,73017.3988940073,71866.00758424636,71866.00758424636,14098053
2024-06-05,74264.734375,74840.42999031008,73689.03875968992,74840.42999031008,23177968
2024-06-07,74168.7890625,75416.12962888098,73976.890513826,75224.23108020698,21189349
2024-06-10,72633.6015625,73497.145042107,72537.6522869881,73017.39866454755,14598755
2024-06-11,72153.84375,72921.4378324468,72057.89448969414,72825.48857214095,16971175
2024-06-12,73401.1875,73976.88308823529,72153.84705882354,72249.79632352942,19246725
2024-06-13,75416.1171875,75799.91422153308,74648.52311943384,75224.21867048346,33763804
2024-06-14,76375.6171875,77239.16059791144,75799.92158055905,76471.5664553235,22926612
2024-06-17,74936.3828125,76279.67264524648,74840.4335387324,75991.82482394367,16123051
2024-06-18,76567.5234375,76951.32054746241,75416.13210761278,75512.08138510339,18207598
2024-06-19,77910.8125,79158.15309421183,77239.16756465517,77814.86322352217,24168863
2024-06-20,78294.59375,78870.28929227941,77910.79672181372,78198.64449295343,20288913
2024-06-21,76759.421875,77527.01609374999,76759.421875,77431.06681640625,17907523
2024-06-24,77335.109375,77622.95717664392,76279.66743563896,76471.56597006824,15454227
2024-06-25,77527.0078125,78486.50048344678,76855.36294283725,77335.10927831064,19088458
2024-06-26,78006.7578125,78102.70708410209,76663.46801007073,76855.36655327491,17783242
2024-06-27,78643.8046875,78643.8046875,77583.65535960477,78354.67305261949,11739720
2024-06-28,78547.4453125,78932.95424654908,77872.80467791412,78932.95424654908,9455929
2024-07-01,78836.5703125,79125.70198846271,78354.68418589547,78547.43863653729,11317202
2024-07-02,78836.5703125,79607.58811506724,78547.43863653729,79511.21088974633,14471904
2024-07-03,78836.5703125,79318.45643910453,78065.55250993276,79318.45643910453,11440328
2024-07-04,81535.140625,81631.51785978132,79414.84145981086,79896.72763371748,43857229
2024-07-05,83944.5546875,83944.5546875,82113.38759328358,82498.89645522389,45791193
2024-07-08,84233.6875,85390.21410183066,83751.80141590389,84715.57358409611,24035809
2024-07-09,84619.1953125,85004.70417497153,83751.80037193907,84619.1953125,21336201
2024-07-10,84619.1953125,84811.94974373576,83944.55480317483,84426.44088126424,17813847
2024-07-11,84426.4453125,85582.97196061644,83559.05032641267,85293.84029858734,24677608
2024-07-12,81342.3671875,82980.7797967269,81053.2355505776,82788.02537211197,26344386
2024-07-15,83559.0546875,84137.31804173876,81053.24681913207,81631.51017337083,25193080
2024-07-16,84522.828125,84811.95980615736,83559.05585447549,83751.81030858039,16166688
2024-07-17,83559.0546875,84811.95862168397,83269.92301038062,83944.56359032584,18186490
2024-07-18,83751.8125,83751.8125,80764.11838319908,80764.11838319908,24721790
2024-07-19,81342.3671875,82980.7797967269,81053.2355505776,82498.89373518957,18569122
2024-07-22,79993.09375,81824.2609563253,79607.58486445784,81342.37484939759,18987560
2024-07-23,80860.484375,81631.50210443982,80378.59829410013,81149.61602353993,15766389
2024-07-24,79029.3203125,80282.22417111282,78932.94309260671,79896.71529153964,16939083
2024-07-25,77487.28125,78065.54454291044,77198.14960354478,77487.28125,20323811
2024-07-26,77969.1640625,78354.67290829727,77487.27800525339,77776.40963960136,14508334
2024-07-29,78258.3046875,79029.3224676724,78161.92746497845,78643.8135775862,12797136
2024-07-30,78065.5546875,78065.5546875,77101.78240740742,77487.29131944444,13169636
2024-07-31,80860.484375,80860.484375,77969.16788960072,78258.29953814065,20744323
2024-08-01,80089.4609375,82980.77721683212,80089.4609375,82884.40000752106,20900338
2024-08-02,76716.2578125,78451.04756202889,76619.88060419283,78065.53872880025,25800275
2024-08-05,68813.3359375,74114.08310355392,67656.80928308824,73921.32866115196,54608790
2024-08-06,69873.484375,72572.0465301724,69680.72993534482,72186.53765086207,47295226
2024-08-07,71993.7734375,73246.67712516733,70162.60650937082,70355.3609228581,32710428
2024-08-08,70740.875,71222.7610694823,69873.48007493188,70548.12057220709,28414729
2024-08-09,71993.7734375,73053.92271168005,71511.88740378179,72957.54550493641,16388222
2024-08-12,72764.7890625,73150.29787872516,72090.14863410596,72475.65745033113,9839259
2024-08-13,73343.0625,73824.94858738502,72764.79919513798,73728.57136990801,10716261
2024-08-14,74403.21875,74981.48210816062,74210.46429727979,74595.97320272021,13246168
2024-08-16,77294.53125,77294.53125,75848.87293485038,76523.5134819202,22061478
2024-08-19,75463.359375,77198.14924568965,75174.22772988505,77198.14924568965,14146565
2024-08-20,76041.625,76909.01996197719,75848.87056400508,76619.88830798479,10683836
2024-08-21,75463.359375,75752.49102011495,74981.47329980844,75077.85051484675,7805598
2024-08-22,75463.359375,76041.6226652299,74981.47329980844,75848.86823515326,8149101
2024-08-23,74885.09375,75559.73423423423,74692.33932593308,74885.09375,9420306
2024-08-26,73343.0625,75366.98406701708,73246.685282523,75270.60684954008,15655938
2024-08-27,73053.9375,73728.57808377309,72861.18304749341,72957.5602737467,11130145
2024-08-28,73632.1953125,73632.1953125,72668.4231225458,73053.93199852748,9794514
2024-08-29,71319.1484375,71993.7890308277,70837.26229940879,70933.63952702703,16884479
2024-08-30,71608.2734375,72282.91396786676,71415.51900025236,71704.65065612382,16358520
2024-09-02,71704.65625,71993.78792842742,70837.26121471774,71801.03347614247,12641376
2024-09-03,69873.484375,71608.27433189655,69873.484375,71415.51989224137,16314599
2024-09-04,67464.046875,68524.19618303572,67271.29245535714,67271.29245535714,27366563
2024-09-05,66500.28125,68620.58007246377,66500.28125,67560.43066123188,25686769
2024-09-06,66403.9140625,67174.9319326016,65536.5189586357,66596.6685300254,19022299
2024-09-09,65054.62890625,65729.26950231481,64187.23385416667,64476.36553819445,23263298
2024-09-10,63801.71484375,64861.86418405401,63608.96041824018,64572.73254578928,30651376
2024-09-11,62548.8125,63127.075789676426,61874.1719953775,62741.56692989214,35809707
2024-09-12,63898.1015625,64187.233243778275,62837.952064479636,63608.96988122172,35884106
2024-09-13,62066.93359375,63127.08308059977,61970.55636767275,62645.19695021351,25045135
2024-09-19,60814.02734375,62066.931235142634,59946.632342016645,61681.42234548336,49402713
2024-09-20,60717.65234375,62356.065184771825,60717.65234375,61488.67015128968,32746056
2024-09-23,60332.140625,61199.535618011185,59946.63173921725,60043.00896066294,28542376
2024-09-24,60910.40234375,61103.15678154668,60139.38459256329,60524.893468156646,26957500
2024-09-25,59946.62890625,61874.17324407154,59946.62890625,61488.66437650723,28652438
2024-09-26,62356.0625,62548.816943585785,61392.2902820711,61585.04472565688,37566015
2024-09-27,62221.34375,63384.35952102803,62221.34375,62705.933654595014,28433030
2024-09-30,59604.55859375,62318.26207444106,59604.55859375,62221.344092987805,32694163
2024-10-02,59410.7265625,59992.234489702285,58053.874732361335,58635.38265956362,28473536
2024-10-04,58732.30078125,59798.398650216586,58635.38279316213,59119.972733601484,24247578
2024-10-07,59119.96875,59992.2305840164,57666.19902663935,58344.62489754098,35066533
2024-10-08,58441.546875,59119.97279228856,58053.87492226368,58150.792910447766,27411786
2024-10-10,57084.6875,58344.621179966045,57084.6875,58247.70320458404,45262214
2024-10-11,57472.3671875,58247.71109559444,57181.61322196459,57278.531210476394,29623969
2024-10-14,57472.3671875,59313.80896922429,57569.28517601181,57666.20316452361,20886249
2024-10-15,59119.96875,59507.64067622951,58247.70691598361,59216.88673155738,22715239
2024-10-16,57666.19921875,58150.789128151264,57375.445273109246,57569.28123686975,23303268
2024-10-17,57860.03515625,58247.70708359506,57278.52726523241,57569.2812107412,23372873
2024-10-18,57375.4453125,58247.70715002112,57278.52733055321,58053.87118612754,14420260
2024-10-21,57181.61328125,57763.121212923725,56697.023338188555,57181.61328125,18514905
2024-10-22,55921.67578125,57084.69156872833,55921.67578125,56987.773586438474,27582527
2024-10-23,57278.52734375,58150.78918147208,55340.167704367595,55727.83963224408,27300780
2024-10-24,54855.57421875,56697.01575612853,54855.57421875,56406.26182917403,31499922
2024-10-25,54177.15234375,55146.33217100849,54080.23436102415,54274.07032647585,25829315
2024-10-28,56309.34765625,56697.01958503657,53983.316083530546,53983.316083530546,27775009
2024-10-29,57763.125,57763.125,55534.01111577181,56212.43708053691,28369314
2024-10-30,57278.52734375,57956.95321753384,56793.9374339044,57278.52734375,19838511
2024-10-31,57375.4453125,59313.80495143581,56503.18347497889,56697.01943887247,35809196
2024-11-01,56503.18359375,57763.11736170669,56309.347629448974,57181.6094688036,19083180
2024-11-04,56890.85546875,57569.281343164395,56600.1015225724,56793.9374866908,15586947
2024-11-05,55824.76171875,56309.35166422526,55437.08976236979,56018.5976969401,17484474
2024-11-06,55534.0078125,56212.43373691099,54564.82792048429,55824.76178010471,22092218
2024-11-07,55534.0078125,56309.35172611256,55049.41786649214,55146.33585569372,17043102
2024-11-08,55243.25390625,56503.18776726974,55243.25390625,56212.43379934211,13877396
2024-11-11,53304.88671875,55049.41028409091,53304.88671875,54952.49230823864,29811326
2024-11-12,51366.53125,52917.21898584906,51366.53125,52917.21898584906,37962881
2024-11-13,49040.50390625,51366.53571208004,48943.585914340416,50397.35579298419,52527995
2024-11-14,48362.078125,50203.51997745491,48362.078125,48652.83210170341,48510715
2024-11-15,51851.12109375,52529.54697721962,48749.74562646028,48749.74562646028,46774485
2024-11-18,54952.49609375,55727.83995397927,54177.15223352072,55243.250041335974,48095234
2024-11-19,54564.8203125,55727.83602075933,54177.14840974689,54758.65626387655,31539632
2024-11-20,53595.640625,54758.65633476492,53111.05074593129,54370.98443150995,20864667
2024-11-21,54661.74609375,55146.33604138963,53014.140271775264,53207.97625083112,19096850
2024-11-22,54274.0703125,54952.49619140625,54177.15232979911,54274.0703125,15281543
2024-11-25,56115.515625,56115.515625,54952.49975712435,55630.92568005181,36237325
2024-11-26,56503.18359375,57084.691486653086,55727.83973654589,56115.51166514794,23209405
2024-11-27,54564.8203125,56018.589947824155,54274.06638543517,55921.67197213588,21808387
2024-11-28,53789.48046875,54661.74231418919,53498.72652027027,54274.070382882885,20001134
2024-11-29,52529.55078125,53595.64867533441,52141.87881976476,53401.81269459179,24513531
2024-12-02,51948.03125,52723.375,51463.44140625,52626.45703125,22044867
2024-12-03,51948.03125,52723.375,51463.44140625,51463.44140625,23374603
2024-12-04,51463.44921875,51754.20316913842,50397.35140065913,50397.35140065913,29004766
2024-12-05,52044.9609375,52723.38687150838,51560.37098463687,51560.37098463687,23588277
2024-12-06,52432.62890625,52723.38285582255,51075.777141578095,52238.7929398683,22861874
2024-12-09,51754.203125,52917.21892556179,51560.3671582397,51851.121108380146,26227680
2024-12-10,52335.7109375,52820.30085358796,52044.956987847225,52820.30085358796,20783970
2024-12-11,52335.7109375,52529.54690393519,51754.20303819445,51948.03900462963,14565947
2024-12-12,54177.15234375,54758.6602401051,52238.792689233,52335.710671958856,33476698
2024-12-13,54370.98828125,54564.82424660205,53789.480385193856,54080.23433322193,15908823
2024-12-16,53886.3984375,54855.57826551259,53498.72650629497,54564.82431710881,15277277
2024-12-17,52529.55078125,53498.7306849631,52335.714800507376,53014.14073310655,20215230
2024-12-18,53207.97265625,53692.5625711521,52335.71080942623,52432.62879240665,13698937
2024-12-19,51463.44921875,52141.87510298964,51463.44921875,51851.12115260122,22481925
2024-12-20,51366.53125,51463.449233490566,50300.43343160377,51075.7772995283,24674774
2024-12-23,51851.12109375,52335.71101051402,51657.28512704439,51754.2031103972,13672650
2024-12-24,52723.38671875,52820.30470904182,51948.042796415444,52044.96078670726,11634677
2024-12-26,51948.03125,52917.2109375,51851.11328125,52820.29296875,10517075
2024-12-27,52399.83203125,52790.147353642926,51911.93787825885,52204.67437005354,10747196
2024-12-30,51911.9375,52692.56813909774,51814.35867011278,52009.516329887214,12624702
